"봏뙉볷","뾧","1","2","3","4","5","6","7","8","9","10","11","12","13","14","15","16"
#2026-04-01#,"릣","럱뙶","븉봕","깏긵깋","븉봕","럱뙶","깏긵깋",,"뫜긵깋","깏긵깋","깏긵깋","깏긵깋","깏긵깋","뫜긵깋","럱뙶",,"뫜긵깋"
#2026-04-02#,"뽜","됀봕","됀봕","됀봕","됀봕","됀봕","됀봕","됀봕","됀봕",,"븉봕","럱뙶","뫜긵깋","븉봕",,"깏긵깋","깏긵깋"
#2026-04-03#,"뗠","븉봕","럱뙶",,"깏긵깋","깏긵깋","뫜긵깋","깏긵깋","깏긵깋","됀봕","됀봕","됀봕","됀봕","됀봕","됀봕","됀봕","됀봕"
#2026-04-04#,"뱘",,,,,,,,,,,,,,,,
#2026-04-05#,"볷",,,,,,,,,,,,,,,,
#2026-04-06#,"뙉","됀봕","됀봕","됀봕","됀봕","됀봕","됀봕","됀봕","됀봕","럱뙶","럱뙶","븉봕",,"깏긵깋","깏긵깋","뫜긵깋",
#2026-04-07#,"됌","깏긵깋","깏긵깋","럱뙶","럱뙶","븉봕",,"뫜긵깋",,"됀봕","됀봕","됀봕","됀봕","됀봕","됀봕","됀봕","됀봕"
#2026-04-08#,"릣","뫜긵깋",,"깏긵깋",,"뫜긵깋","깏긵깋","븉봕","럱뙶","깏긵깋","깏긵깋","깏긵깋","깏긵깋","럱뙶","뫜긵깋","븉봕","럱뙶"
#2026-04-09#,"뽜","됀봕","됀봕","됀봕","됀봕","됀봕","됀봕","됀봕","됀봕","븉봕",,"뫜긵깋","럱뙶",,"븉봕","깏긵깋","깏긵깋"
#2026-04-10#,"뗠",,"뫜긵깋","븉봕","깏긵깋","깏긵깋","럱뙶","깏긵깋","깏긵깋","됀봕","됀봕","됀봕","됀봕","됀봕","됀봕","됀봕","됀봕"
#2026-04-11#,"뱘",,,,,,,,,,,,,,,,
#2026-04-12#,"볷",,,,,,,,,,,,,,,,
#2026-04-13#,"뙉","됀봕","됀봕","됀봕","됀봕","됀봕","됀봕","됀봕","됀봕","뫜긵깋","뫜긵깋",,"븉봕","깏긵깋","깏긵깋","럱뙶","븉봕"
#2026-04-14#,"됌","깏긵깋","깏긵깋","뫜긵깋","뫜긵깋",,"븉봕","럱뙶","븉봕","됀봕","됀봕","됀봕","됀봕","됀봕","됀봕","됀봕","됀봕"
#2026-04-15#,"릣","럱뙶","븉봕","깏긵깋","븉봕","럱뙶","깏긵깋",,"뫜긵깋","깏긵깋","깏긵깋","깏긵깋","깏긵깋","뫜긵깋","럱뙶",,"뫜긵깋"
#2026-04-16#,"뽜","됀봕","됀봕","됀봕","됀봕","됀봕","됀봕","됀봕","됀봕",,"븉봕","럱뙶","뫜긵깋","븉봕",,"깏긵깋","깏긵깋"
#2026-04-17#,"뗠","븉봕","럱뙶",,"깏긵깋","깏긵깋","뫜긵깋","깏긵깋","깏긵깋","됀봕","됀봕","됀봕","됀봕","됀봕","됀봕","됀봕","됀봕"
#2026-04-18#,"뱘",,,,,,,,,,,,,,,,
#2026-04-19#,"볷",,,,,,,,,,,,,,,,
#2026-04-20#,"뙉","됀봕","됀봕","됀봕","됀봕","됀봕","됀봕","됀봕","됀봕","럱뙶","럱뙶","븉봕",,"깏긵깋","깏긵깋","뫜긵깋",
#2026-04-21#,"됌","깏긵깋","깏긵깋","럱뙶","럱뙶","븉봕",,"뫜긵깋",,"됀봕","됀봕","됀봕","됀봕","됀봕","됀봕","됀봕","됀봕"
#2026-04-22#,"릣","뫜긵깋",,"깏긵깋",,"뫜긵깋","깏긵깋","븉봕","럱뙶","깏긵깋","깏긵깋","깏긵깋","깏긵깋","럱뙶","뫜긵깋","븉봕","럱뙶"
#2026-04-23#,"뽜","됀봕","됀봕","됀봕","됀봕","됀봕","됀봕","됀봕","됀봕","븉봕",,"뫜긵깋","럱뙶",,"븉봕","깏긵깋","깏긵깋"
#2026-04-24#,"뗠",,"뫜긵깋","븉봕","깏긵깋","깏긵깋","럱뙶","깏긵깋","깏긵깋","됀봕","됀봕","됀봕","됀봕","됀봕","됀봕","됀봕","됀봕"
#2026-04-25#,"뱘",,,,,,,,,,,,,,,,
#2026-04-26#,"볷",,,,,,,,,,,,,,,,
#2026-04-27#,"뙉","됀봕","됀봕","됀봕","됀봕","됀봕","됀봕","됀봕","됀봕","뫜긵깋","뫜긵깋",,"븉봕","깏긵깋","깏긵깋","럱뙶","븉봕"
#2026-04-28#,"됌","깏긵깋","깏긵깋","뫜긵깋","뫜긵깋",,"븉봕","럱뙶","븉봕","됀봕","됀봕","됀봕","됀봕","됀봕","됀봕","됀봕","됀봕"
#2026-04-29#,"릣",,,"깏긵깋",,,"깏긵깋",,,"깏긵깋","깏긵깋","깏긵깋","깏긵깋",,,,
#2026-04-30#,"뽜","됀봕","됀봕","됀봕","됀봕","됀봕","됀봕","됀봕","됀봕",,,,,,,"깏긵깋","깏긵깋"
#2026-05-01#,"뗠","븉봕","럱뙶",,"깏긵깋","깏긵깋","뫜긵깋","깏긵깋","깏긵깋","됀봕","됀봕","됀봕","됀봕","됀봕","됀봕","됀봕","됀봕"
#2026-05-02#,"뱘",,,,,,,,,,,,,,,,
#2026-05-03#,"볷",,,,,,,,,,,,,,,,
#2026-05-04#,"뙉",,,,,,,,,"럱뙶","럱뙶","븉봕",,,,"뫜긵깋",
#2026-05-05#,"됌",,,"럱뙶","럱뙶","븉봕",,"뫜긵깋",,,,,,,,,
#2026-05-06#,"릣","럱뙶","븉봕",,"븉봕","럱뙶",,,"뫜긵깋",,,,,"뫜긵깋","럱뙶",,"뫜긵깋"
#2026-05-07#,"뽜","됀봕","됀봕","됀봕","됀봕","됀봕","됀봕","됀봕","됀봕",,"븉봕","럱뙶","뫜긵깋","븉봕",,"깏긵깋","깏긵깋"
#2026-05-08#,"뗠",,"뫜긵깋","븉봕","깏긵깋","깏긵깋","럱뙶","깏긵깋","깏긵깋","됀봕","됀봕","됀봕","됀봕","됀봕","됀봕","됀봕","됀봕"
#2026-05-09#,"뱘",,,,,,,,,,,,,,,,
#2026-05-10#,"볷",,,,,,,,,,,,,,,,
#2026-05-11#,"뙉","됀봕","됀봕","됀봕","됀봕","됀봕","됀봕","됀봕","됀봕","뫜긵깋","뫜긵깋",,"븉봕","깏긵깋","깏긵깋","럱뙶","븉봕"
#2026-05-12#,"됌","깏긵깋","깏긵깋","뫜긵깋","뫜긵깋",,"븉봕","럱뙶","븉봕","됀봕","됀봕","됀봕","됀봕","됀봕","됀봕","됀봕","됀봕"
#2026-05-13#,"릣","뫜긵깋",,"깏긵깋",,"뫜긵깋","깏긵깋","븉봕","럱뙶","깏긵깋","깏긵깋","깏긵깋","깏긵깋","럱뙶","뫜긵깋","븉봕","럱뙶"
#2026-05-14#,"뽜","됀봕","됀봕","됀봕","됀봕","됀봕","됀봕","됀봕","됀봕","븉봕",,"뫜긵깋","럱뙶",,"븉봕","깏긵깋","깏긵깋"
#2026-05-15#,"뗠","븉봕","럱뙶",,"깏긵깋","깏긵깋","뫜긵깋","깏긵깋","깏긵깋","됀봕","됀봕","됀봕","됀봕","됀봕","됀봕","됀봕","됀봕"
#2026-05-16#,"뱘",,,,,,,,,,,,,,,,
#2026-05-17#,"볷",,,,,,,,,,,,,,,,
#2026-05-18#,"뙉","됀봕","됀봕","됀봕","됀봕","됀봕","됀봕","됀봕","됀봕","럱뙶","럱뙶","븉봕",,"깏긵깋","깏긵깋","뫜긵깋",
#2026-05-19#,"됌","깏긵깋","깏긵깋","럱뙶","럱뙶","븉봕",,"뫜긵깋",,"됀봕","됀봕","됀봕","됀봕","됀봕","됀봕","됀봕","됀봕"
#2026-05-20#,"릣","럱뙶","븉봕","깏긵깋","븉봕","럱뙶","깏긵깋",,"뫜긵깋","깏긵깋","깏긵깋","깏긵깋","깏긵깋","뫜긵깋","럱뙶",,"뫜긵깋"
#2026-05-21#,"뽜","됀봕","됀봕","됀봕","됀봕","됀봕","됀봕","됀봕","됀봕",,"븉봕","럱뙶","뫜긵깋","븉봕",,"깏긵깋","깏긵깋"
#2026-05-22#,"뗠",,"뫜긵깋","븉봕","깏긵깋","깏긵깋","럱뙶","깏긵깋","깏긵깋","됀봕","됀봕","됀봕","됀봕","됀봕","됀봕","됀봕","됀봕"
#2026-05-23#,"뱘",,,,,,,,,,,,,,,,
#2026-05-24#,"볷",,,,,,,,,,,,,,,,
#2026-05-25#,"뙉","됀봕","됀봕","됀봕","됀봕","됀봕","됀봕","됀봕","됀봕","뫜긵깋","뫜긵깋",,"븉봕","깏긵깋","깏긵깋","럱뙶","븉봕"
#2026-05-26#,"됌","깏긵깋","깏긵깋","뫜긵깋","뫜긵깋",,"븉봕","럱뙶","븉봕","됀봕","됀봕","됀봕","됀봕","됀봕","됀봕","됀봕","됀봕"
#2026-05-27#,"릣","뫜긵깋",,"깏긵깋",,"뫜긵깋","깏긵깋","븉봕","럱뙶","깏긵깋","깏긵깋","깏긵깋","깏긵깋","럱뙶","뫜긵깋","븉봕","럱뙶"
#2026-05-28#,"뽜","됀봕","됀봕","됀봕","됀봕","됀봕","됀봕","됀봕","됀봕","븉봕",,"뫜긵깋","럱뙶",,"븉봕","깏긵깋","깏긵깋"
#2026-05-29#,"뗠",,,,"깏긵깋","깏긵깋",,"깏긵깋","깏긵깋","됀봕","됀봕","됀봕","됀봕","됀봕","됀봕","됀봕","됀봕"
#2026-05-30#,"뱘",,,,,,,,,,,,,,,,
#2026-05-31#,"볷",,,,,,,,,,,,,,,,
#2026-06-01#,"뙉","됀봕","됀봕","됀봕","됀봕","됀봕","됀봕","됀봕","됀봕","럱뙶","럱뙶","븉봕",,"깏긵깋","깏긵깋","뫜긵깋",
#2026-06-02#,"됌","깏긵깋","깏긵깋","럱뙶","럱뙶","븉봕",,"뫜긵깋",,"됀봕","됀봕","됀봕","됀봕","됀봕","됀봕","됀봕","됀봕"
#2026-06-03#,"릣","럱뙶","븉봕","깏긵깋","븉봕","럱뙶","깏긵깋",,"뫜긵깋","깏긵깋","깏긵깋","깏긵깋","깏긵깋","뫜긵깋","럱뙶",,"뫜긵깋"
#2026-06-04#,"뽜","됀봕","됀봕","됀봕","됀봕","됀봕","됀봕","됀봕","됀봕",,"븉봕","럱뙶","뫜긵깋","븉봕",,"깏긵깋","깏긵깋"
#2026-06-05#,"뗠","븉봕","럱뙶",,"깏긵깋","깏긵깋","뫜긵깋","깏긵깋","깏긵깋","됀봕","됀봕","됀봕","됀봕","됀봕","됀봕","됀봕","됀봕"
#2026-06-06#,"뱘",,,,,,,,,,,,,,,,
#2026-06-07#,"볷",,,,,,,,,,,,,,,,
#2026-06-08#,"뙉","됀봕","됀봕","됀봕","됀봕","됀봕","됀봕","됀봕","됀봕","뫜긵깋","뫜긵깋",,"븉봕","깏긵깋","깏긵깋","럱뙶","븉봕"
#2026-06-09#,"됌","깏긵깋","깏긵깋","뫜긵깋","뫜긵깋",,"븉봕","럱뙶","븉봕","됀봕","됀봕","됀봕","됀봕","됀봕","됀봕","됀봕","됀봕"
#2026-06-10#,"릣","뫜긵깋",,"깏긵깋",,"뫜긵깋","깏긵깋","븉봕","럱뙶","깏긵깋","깏긵깋","깏긵깋","깏긵깋","럱뙶","뫜긵깋","븉봕","럱뙶"
#2026-06-11#,"뽜","됀봕","됀봕","됀봕","됀봕","됀봕","됀봕","됀봕","됀봕","븉봕",,"뫜긵깋","럱뙶",,"븉봕","깏긵깋","깏긵깋"
#2026-06-12#,"뗠",,"뫜긵깋","븉봕","깏긵깋","깏긵깋","럱뙶","깏긵깋","깏긵깋","됀봕","됀봕","됀봕","됀봕","됀봕","됀봕","됀봕","됀봕"
#2026-06-13#,"뱘",,,,,,,,,,,,,,,,
#2026-06-14#,"볷",,,,,,,,,,,,,,,,
#2026-06-15#,"뙉","됀봕","됀봕","됀봕","됀봕","됀봕","됀봕","됀봕","됀봕","럱뙶","럱뙶","븉봕",,"깏긵깋","깏긵깋","뫜긵깋",
#2026-06-16#,"됌","깏긵깋","깏긵깋","럱뙶","럱뙶","븉봕",,"뫜긵깋",,"됀봕","됀봕","됀봕","됀봕","됀봕","됀봕","됀봕","됀봕"
#2026-06-17#,"릣","럱뙶","븉봕","깏긵깋","븉봕","럱뙶","깏긵깋",,"뫜긵깋","깏긵깋","깏긵깋","깏긵깋","깏긵깋","뫜긵깋","럱뙶",,"뫜긵깋"
#2026-06-18#,"뽜","됀봕","됀봕","됀봕","됀봕","됀봕","됀봕","됀봕","됀봕",,"븉봕","럱뙶","뫜긵깋","븉봕",,"깏긵깋","깏긵깋"
#2026-06-19#,"뗠","븉봕","럱뙶",,"깏긵깋","깏긵깋","뫜긵깋","깏긵깋","깏긵깋","됀봕","됀봕","됀봕","됀봕","됀봕","됀봕","됀봕","됀봕"
#2026-06-20#,"뱘",,,,,,,,,,,,,,,,
#2026-06-21#,"볷",,,,,,,,,,,,,,,,
#2026-06-22#,"뙉","됀봕","됀봕","됀봕","됀봕","됀봕","됀봕","됀봕","됀봕","뫜긵깋","뫜긵깋",,"븉봕","깏긵깋","깏긵깋","럱뙶","븉봕"
#2026-06-23#,"됌","깏긵깋","깏긵깋","뫜긵깋","뫜긵깋",,"븉봕","럱뙶","븉봕","됀봕","됀봕","됀봕","됀봕","됀봕","됀봕","됀봕","됀봕"
#2026-06-24#,"릣","뫜긵깋",,"깏긵깋",,"뫜긵깋","깏긵깋","븉봕","럱뙶","깏긵깋","깏긵깋","깏긵깋","깏긵깋","럱뙶","뫜긵깋","븉봕","럱뙶"
#2026-06-25#,"뽜","됀봕","됀봕","됀봕","됀봕","됀봕","됀봕","됀봕","됀봕","븉봕",,"뫜긵깋","럱뙶",,"븉봕","깏긵깋","깏긵깋"
#2026-06-26#,"뗠",,"뫜긵깋","븉봕","깏긵깋","깏긵깋","럱뙶","깏긵깋","깏긵깋","됀봕","됀봕","됀봕","됀봕","됀봕","됀봕","됀봕","됀봕"
#2026-06-27#,"뱘",,,,,,,,,,,,,,,,
#2026-06-28#,"볷",,,,,,,,,,,,,,,,
#2026-06-29#,"뙉","됀봕","됀봕","됀봕","됀봕","됀봕","됀봕","됀봕","됀봕",,,,,"깏긵깋","깏긵깋",,
#2026-06-30#,"됌","깏긵깋","깏긵깋",,,,,,,"됀봕","됀봕","됀봕","됀봕","됀봕","됀봕","됀봕","됀봕"
#2026-07-01#,"릣","럱뙶","븉봕","깏긵깋","븉봕","럱뙶","깏긵깋",,"뫜긵깋","깏긵깋","깏긵깋","깏긵깋","깏긵깋","뫜긵깋","럱뙶",,"뫜긵깋"
#2026-07-02#,"뽜","됀봕","됀봕","됀봕","됀봕","됀봕","됀봕","됀봕","됀봕",,"븉봕","럱뙶","뫜긵깋","븉봕",,"깏긵깋","깏긵깋"
#2026-07-03#,"뗠","븉봕","럱뙶",,"깏긵깋","깏긵깋","뫜긵깋","깏긵깋","깏긵깋","됀봕","됀봕","됀봕","됀봕","됀봕","됀봕","됀봕","됀봕"
#2026-07-04#,"뱘",,,,,,,,,,,,,,,,
#2026-07-05#,"볷",,,,,,,,,,,,,,,,
#2026-07-06#,"뙉","됀봕","됀봕","됀봕","됀봕","됀봕","됀봕","됀봕","됀봕","럱뙶","럱뙶","븉봕",,"깏긵깋","깏긵깋","뫜긵깋",
#2026-07-07#,"됌","깏긵깋","깏긵깋","럱뙶","럱뙶","븉봕",,"뫜긵깋",,"됀봕","됀봕","됀봕","됀봕","됀봕","됀봕","됀봕","됀봕"
#2026-07-08#,"릣","뫜긵깋",,"깏긵깋",,"뫜긵깋","깏긵깋","븉봕","럱뙶","깏긵깋","깏긵깋","깏긵깋","깏긵깋","럱뙶","뫜긵깋","븉봕","럱뙶"
#2026-07-09#,"뽜","됀봕","됀봕","됀봕","됀봕","됀봕","됀봕","됀봕","됀봕","븉봕",,"뫜긵깋","럱뙶",,"븉봕","깏긵깋","깏긵깋"
#2026-07-10#,"뗠",,"뫜긵깋","븉봕","깏긵깋","깏긵깋","럱뙶","깏긵깋","깏긵깋","됀봕","됀봕","됀봕","됀봕","됀봕","됀봕","됀봕","됀봕"
#2026-07-11#,"뱘",,,,,,,,,,,,,,,,
#2026-07-12#,"볷",,,,,,,,,,,,,,,,
#2026-07-13#,"뙉","됀봕","됀봕","됀봕","됀봕","됀봕","됀봕","됀봕","됀봕","뫜긵깋","뫜긵깋",,"븉봕","깏긵깋","깏긵깋","럱뙶","븉봕"
#2026-07-14#,"됌","깏긵깋","깏긵깋","뫜긵깋","뫜긵깋",,"븉봕","럱뙶","븉봕","됀봕","됀봕","됀봕","됀봕","됀봕","됀봕","됀봕","됀봕"
#2026-07-15#,"릣","럱뙶","븉봕","깏긵깋","븉봕","럱뙶","깏긵깋",,"뫜긵깋","깏긵깋","깏긵깋","깏긵깋","깏긵깋","뫜긵깋","럱뙶",,"뫜긵깋"
#2026-07-16#,"뽜","됀봕","됀봕","됀봕","됀봕","됀봕","됀봕","됀봕","됀봕",,"븉봕","럱뙶","뫜긵깋","븉봕",,"깏긵깋","깏긵깋"
#2026-07-17#,"뗠","븉봕","럱뙶",,"깏긵깋","깏긵깋","뫜긵깋","깏긵깋","깏긵깋","됀봕","됀봕","됀봕","됀봕","됀봕","됀봕","됀봕","됀봕"
#2026-07-18#,"뱘",,,,,,,,,,,,,,,,
#2026-07-19#,"볷",,,,,,,,,,,,,,,,
#2026-07-20#,"뙉","됀봕","됀봕","됀봕","됀봕","됀봕","됀봕","됀봕","됀봕","럱뙶","럱뙶","븉봕",,"깏긵깋","깏긵깋","뫜긵깋",
#2026-07-21#,"됌","깏긵깋","깏긵깋","럱뙶","럱뙶","븉봕",,"뫜긵깋",,"됀봕","됀봕","됀봕","됀봕","됀봕","됀봕","됀봕","됀봕"
#2026-07-22#,"릣","뫜긵깋",,"깏긵깋",,"뫜긵깋","깏긵깋","븉봕","럱뙶","깏긵깋","깏긵깋","깏긵깋","깏긵깋","럱뙶","뫜긵깋","븉봕","럱뙶"
#2026-07-23#,"뽜","됀봕","됀봕","됀봕","됀봕","됀봕","됀봕","됀봕","됀봕","븉봕",,"뫜긵깋","럱뙶",,"븉봕","깏긵깋","깏긵깋"
#2026-07-24#,"뗠",,"뫜긵깋","븉봕","깏긵깋","깏긵깋","럱뙶","깏긵깋","깏긵깋","됀봕","됀봕","됀봕","됀봕","됀봕","됀봕","됀봕","됀봕"
#2026-07-25#,"뱘",,,,,,,,,,,,,,,,
#2026-07-26#,"볷",,,,,,,,,,,,,,,,
#2026-07-27#,"뙉","됀봕","됀봕","됀봕","됀봕","됀봕","됀봕","됀봕","됀봕","뫜긵깋","뫜긵깋",,"븉봕","깏긵깋","깏긵깋","럱뙶","븉봕"
#2026-07-28#,"됌","깏긵깋","깏긵깋","뫜긵깋","뫜긵깋",,"븉봕","럱뙶","븉봕","됀봕","됀봕","됀봕","됀봕","됀봕","됀봕","됀봕","됀봕"
#2026-07-29#,"릣",,,"깏긵깋",,,"깏긵깋",,,"깏긵깋","깏긵깋","깏긵깋","깏긵깋",,,,
#2026-07-30#,"뽜","됀봕","됀봕","됀봕","됀봕","됀봕","됀봕","됀봕","됀봕",,,,,,,"깏긵깋","깏긵깋"
#2026-07-31#,"뗠",,,,"깏긵깋","깏긵깋",,"깏긵깋","깏긵깋","됀봕","됀봕","됀봕","됀봕","됀봕","됀봕","됀봕","됀봕"
#2026-08-01#,"뱘",,,,,,,,,,,,,,,,
#2026-08-02#,"볷",,,,,,,,,,,,,,,,
#2026-08-03#,"뙉","됀봕","됀봕","됀봕","됀봕","됀봕","됀봕","됀봕","됀봕","럱뙶","럱뙶","븉봕",,"깏긵깋","깏긵깋","뫜긵깋",
#2026-08-04#,"됌","깏긵깋","깏긵깋","럱뙶","럱뙶","븉봕",,"뫜긵깋",,"됀봕","됀봕","됀봕","됀봕","됀봕","됀봕","됀봕","됀봕"
#2026-08-05#,"릣","럱뙶","븉봕","깏긵깋","븉봕","럱뙶","깏긵깋",,"뫜긵깋","깏긵깋","깏긵깋","깏긵깋","깏긵깋","뫜긵깋","럱뙶",,"뫜긵깋"
#2026-08-06#,"뽜","됀봕","됀봕","됀봕","됀봕","됀봕","됀봕","됀봕","됀봕",,"븉봕","럱뙶","뫜긵깋","븉봕",,"깏긵깋","깏긵깋"
#2026-08-07#,"뗠","븉봕","럱뙶",,"깏긵깋","깏긵깋","뫜긵깋","깏긵깋","깏긵깋","됀봕","됀봕","됀봕","됀봕","됀봕","됀봕","됀봕","됀봕"
#2026-08-08#,"뱘",,,,,,,,,,,,,,,,
#2026-08-09#,"볷",,,,,,,,,,,,,,,,
#2026-08-10#,"뙉","됀봕","됀봕","됀봕","됀봕","됀봕","됀봕","됀봕","됀봕","뫜긵깋","뫜긵깋",,"븉봕","깏긵깋","깏긵깋","럱뙶","븉봕"
#2026-08-11#,"됌","깏긵깋","깏긵깋","뫜긵깋","뫜긵깋",,"븉봕","럱뙶","븉봕","됀봕","됀봕","됀봕","됀봕","됀봕","됀봕","됀봕","됀봕"
#2026-08-12#,"릣","뫜긵깋",,"깏긵깋",,"뫜긵깋","깏긵깋","븉봕","럱뙶","깏긵깋","깏긵깋","깏긵깋","깏긵깋","럱뙶","뫜긵깋","븉봕","럱뙶"
#2026-08-13#,"뽜","됀봕","됀봕","됀봕","됀봕","됀봕","됀봕","됀봕","됀봕","븉봕",,"뫜긵깋","럱뙶",,"븉봕","깏긵깋","깏긵깋"
#2026-08-14#,"뗠",,"뫜긵깋","븉봕","깏긵깋","깏긵깋","럱뙶","깏긵깋","깏긵깋","됀봕","됀봕","됀봕","됀봕","됀봕","됀봕","됀봕","됀봕"
#2026-08-15#,"뱘",,,,,,,,,,,,,,,,
#2026-08-16#,"볷",,,,,,,,,,,,,,,,
#2026-08-17#,"뙉","됀봕","됀봕","됀봕","됀봕","됀봕","됀봕","됀봕","됀봕","럱뙶","럱뙶","븉봕",,"깏긵깋","깏긵깋","뫜긵깋",
#2026-08-18#,"됌","깏긵깋","깏긵깋","럱뙶","럱뙶","븉봕",,"뫜긵깋",,"됀봕","됀봕","됀봕","됀봕","됀봕","됀봕","됀봕","됀봕"
#2026-08-19#,"릣","럱뙶","븉봕","깏긵깋","븉봕","럱뙶","깏긵깋",,"뫜긵깋","깏긵깋","깏긵깋","깏긵깋","깏긵깋","뫜긵깋","럱뙶",,"뫜긵깋"
#2026-08-20#,"뽜","됀봕","됀봕","됀봕","됀봕","됀봕","됀봕","됀봕","됀봕",,"븉봕","럱뙶","뫜긵깋","븉봕",,"깏긵깋","깏긵깋"
#2026-08-21#,"뗠","븉봕","럱뙶",,"깏긵깋","깏긵깋","뫜긵깋","깏긵깋","깏긵깋","됀봕","됀봕","됀봕","됀봕","됀봕","됀봕","됀봕","됀봕"
#2026-08-22#,"뱘",,,,,,,,,,,,,,,,
#2026-08-23#,"볷",,,,,,,,,,,,,,,,
#2026-08-24#,"뙉","됀봕","됀봕","됀봕","됀봕","됀봕","됀봕","됀봕","됀봕","뫜긵깋","뫜긵깋",,"븉봕","깏긵깋","깏긵깋","럱뙶","븉봕"
#2026-08-25#,"됌","깏긵깋","깏긵깋","뫜긵깋","뫜긵깋",,"븉봕","럱뙶","븉봕","됀봕","됀봕","됀봕","됀봕","됀봕","됀봕","됀봕","됀봕"
#2026-08-26#,"릣","뫜긵깋",,"깏긵깋",,"뫜긵깋","깏긵깋","븉봕","럱뙶","깏긵깋","깏긵깋","깏긵깋","깏긵깋","럱뙶","뫜긵깋","븉봕","럱뙶"
#2026-08-27#,"뽜","됀봕","됀봕","됀봕","됀봕","됀봕","됀봕","됀봕","됀봕","븉봕",,"뫜긵깋","럱뙶",,"븉봕","깏긵깋","깏긵깋"
#2026-08-28#,"뗠",,"뫜긵깋","븉봕","깏긵깋","깏긵깋","럱뙶","깏긵깋","깏긵깋","됀봕","됀봕","됀봕","됀봕","됀봕","됀봕","됀봕","됀봕"
#2026-08-29#,"뱘",,,,,,,,,,,,,,,,
#2026-08-30#,"볷",,,,,,,,,,,,,,,,
#2026-08-31#,"뙉","됀봕","됀봕","됀봕","됀봕","됀봕","됀봕","됀봕","됀봕",,,,,"깏긵깋","깏긵깋",,
#2026-09-01#,"됌","깏긵깋","깏긵깋","럱뙶","럱뙶","븉봕",,"뫜긵깋",,"됀봕","됀봕","됀봕","됀봕","됀봕","됀봕","됀봕","됀봕"
#2026-09-02#,"릣","럱뙶","븉봕","깏긵깋","븉봕","럱뙶","깏긵깋",,"뫜긵깋","깏긵깋","깏긵깋","깏긵깋","깏긵깋","뫜긵깋","럱뙶",,"뫜긵깋"
#2026-09-03#,"뽜","됀봕","됀봕","됀봕","됀봕","됀봕","됀봕","됀봕","됀봕",,"븉봕","럱뙶","뫜긵깋","븉봕",,"깏긵깋","깏긵깋"
#2026-09-04#,"뗠","븉봕","럱뙶",,"깏긵깋","깏긵깋","뫜긵깋","깏긵깋","깏긵깋","됀봕","됀봕","됀봕","됀봕","됀봕","됀봕","됀봕","됀봕"
#2026-09-05#,"뱘",,,,,,,,,,,,,,,,
#2026-09-06#,"볷",,,,,,,,,,,,,,,,
#2026-09-07#,"뙉","됀봕","됀봕","됀봕","됀봕","됀봕","됀봕","됀봕","됀봕","럱뙶","럱뙶","븉봕",,"깏긵깋","깏긵깋","뫜긵깋",
#2026-09-08#,"됌","깏긵깋","깏긵깋","뫜긵깋","뫜긵깋",,"븉봕","럱뙶","븉봕","됀봕","됀봕","됀봕","됀봕","됀봕","됀봕","됀봕","됀봕"
#2026-09-09#,"릣","뫜긵깋",,"깏긵깋",,"뫜긵깋","깏긵깋","븉봕","럱뙶","깏긵깋","깏긵깋","깏긵깋","깏긵깋","럱뙶","뫜긵깋","븉봕","럱뙶"
#2026-09-10#,"뽜","됀봕","됀봕","됀봕","됀봕","됀봕","됀봕","됀봕","됀봕","븉봕",,"뫜긵깋","럱뙶",,"븉봕","깏긵깋","깏긵깋"
#2026-09-11#,"뗠",,"뫜긵깋","븉봕","깏긵깋","깏긵깋","럱뙶","깏긵깋","깏긵깋","됀봕","됀봕","됀봕","됀봕","됀봕","됀봕","됀봕","됀봕"
#2026-09-12#,"뱘",,,,,,,,,,,,,,,,
#2026-09-13#,"볷",,,,,,,,,,,,,,,,
#2026-09-14#,"뙉","됀봕","됀봕","됀봕","됀봕","됀봕","됀봕","됀봕","됀봕","뫜긵깋","뫜긵깋",,"븉봕","깏긵깋","깏긵깋","럱뙶","븉봕"
#2026-09-15#,"됌","깏긵깋","깏긵깋","럱뙶","럱뙶","븉봕",,"뫜긵깋",,"됀봕","됀봕","됀봕","됀봕","됀봕","됀봕","됀봕","됀봕"
#2026-09-16#,"릣","럱뙶","븉봕","깏긵깋","븉봕","럱뙶","깏긵깋",,"뫜긵깋","깏긵깋","깏긵깋","깏긵깋","깏긵깋","뫜긵깋","럱뙶",,"뫜긵깋"
#2026-09-17#,"뽜","됀봕","됀봕","됀봕","됀봕","됀봕","됀봕","됀봕","됀봕",,"븉봕","럱뙶","뫜긵깋","븉봕",,"깏긵깋","깏긵깋"
#2026-09-18#,"뗠","븉봕","럱뙶",,"깏긵깋","깏긵깋","뫜긵깋","깏긵깋","깏긵깋","됀봕","됀봕","됀봕","됀봕","됀봕","됀봕","됀봕","됀봕"
#2026-09-19#,"뱘",,,,,,,,,,,,,,,,
#2026-09-20#,"볷",,,,,,,,,,,,,,,,
#2026-09-21#,"뙉","됀봕","됀봕","됀봕","됀봕","됀봕","됀봕","됀봕","됀봕","럱뙶","럱뙶","븉봕",,"깏긵깋","깏긵깋","뫜긵깋",
#2026-09-22#,"됌","깏긵깋","깏긵깋","뫜긵깋","뫜긵깋",,"븉봕","럱뙶","븉봕","됀봕","됀봕","됀봕","됀봕","됀봕","됀봕","됀봕","됀봕"
#2026-09-23#,"릣","뫜긵깋",,"깏긵깋",,"뫜긵깋","깏긵깋","븉봕","럱뙶","깏긵깋","깏긵깋","깏긵깋","깏긵깋","럱뙶","뫜긵깋","븉봕","럱뙶"
#2026-09-24#,"뽜","됀봕","됀봕","됀봕","됀봕","됀봕","됀봕","됀봕","됀봕","븉봕",,"뫜긵깋","럱뙶",,"븉봕","깏긵깋","깏긵깋"
#2026-09-25#,"뗠",,"뫜긵깋","븉봕","깏긵깋","깏긵깋","럱뙶","깏긵깋","깏긵깋","됀봕","됀봕","됀봕","됀봕","됀봕","됀봕","됀봕","됀봕"
#2026-09-26#,"뱘",,,,,,,,,,,,,,,,
#2026-09-27#,"볷",,,,,,,,,,,,,,,,
#2026-09-28#,"뙉","됀봕","됀봕","됀봕","됀봕","됀봕","됀봕","됀봕","됀봕","뫜긵깋","뫜긵깋",,"븉봕","깏긵깋","깏긵깋","럱뙶","븉봕"
#2026-09-29#,"됌","깏긵깋","깏긵깋",,,,,,,"됀봕","됀봕","됀봕","됀봕","됀봕","됀봕","됀봕","됀봕"
#2026-09-30#,"릣",,,"깏긵깋",,,"깏긵깋",,,"깏긵깋","깏긵깋","깏긵깋","깏긵깋",,,,
#2026-10-01#,"뽜","됀봕","됀봕","됀봕","됀봕","됀봕","됀봕","됀봕","됀봕",,"븉봕","럱뙶","뫜긵깋","븉봕",,"깏긵깋","깏긵깋"
#2026-10-02#,"뗠","븉봕","럱뙶",,"깏긵깋","깏긵깋","뫜긵깋","깏긵깋","깏긵깋","됀봕","됀봕","됀봕","됀봕","됀봕","됀봕","됀봕","됀봕"
#2026-10-03#,"뱘",,,,,,,,,,,,,,,,
#2026-10-04#,"볷",,,,,,,,,,,,,,,,
#2026-10-05#,"뙉","됀봕","됀봕","됀봕","됀봕","됀봕","됀봕","됀봕","됀봕","럱뙶","럱뙶","븉봕",,"깏긵깋","깏긵깋","뫜긵깋",
#2026-10-06#,"됌","깏긵깋","깏긵깋","럱뙶","럱뙶","븉봕",,"뫜긵깋",,"됀봕","됀봕","됀봕","됀봕","됀봕","됀봕","됀봕","됀봕"
#2026-10-07#,"릣","럱뙶","븉봕","깏긵깋","븉봕","럱뙶","깏긵깋",,"뫜긵깋","깏긵깋","깏긵깋","깏긵깋","깏긵깋","뫜긵깋","럱뙶",,"뫜긵깋"
#2026-10-08#,"뽜","됀봕","됀봕","됀봕","됀봕","됀봕","됀봕","됀봕","됀봕","븉봕",,"뫜긵깋","럱뙶",,"븉봕","깏긵깋","깏긵깋"
#2026-10-09#,"뗠",,"뫜긵깋","븉봕","깏긵깋","깏긵깋","럱뙶","깏긵깋","깏긵깋","됀봕","됀봕","됀봕","됀봕","됀봕","됀봕","됀봕","됀봕"
#2026-10-10#,"뱘",,,,,,,,,,,,,,,,
#2026-10-11#,"볷",,,,,,,,,,,,,,,,
#2026-10-12#,"뙉","됀봕","됀봕","됀봕","됀봕","됀봕","됀봕","됀봕","됀봕","뫜긵깋","뫜긵깋",,"븉봕","깏긵깋","깏긵깋","럱뙶","븉봕"
#2026-10-13#,"됌","깏긵깋","깏긵깋","뫜긵깋","뫜긵깋",,"븉봕","럱뙶","븉봕","됀봕","됀봕","됀봕","됀봕","됀봕","됀봕","됀봕","됀봕"
#2026-10-14#,"릣","뫜긵깋",,"깏긵깋",,"뫜긵깋","깏긵깋","븉봕","럱뙶","깏긵깋","깏긵깋","깏긵깋","깏긵깋","럱뙶","뫜긵깋","븉봕","럱뙶"
#2026-10-15#,"뽜","됀봕","됀봕","됀봕","됀봕","됀봕","됀봕","됀봕","됀봕",,"븉봕","럱뙶","뫜긵깋","븉봕",,"깏긵깋","깏긵깋"
#2026-10-16#,"뗠","븉봕","럱뙶",,"깏긵깋","깏긵깋","뫜긵깋","깏긵깋","깏긵깋","됀봕","됀봕","됀봕","됀봕","됀봕","됀봕","됀봕","됀봕"
#2026-10-17#,"뱘",,,,,,,,,,,,,,,,
#2026-10-18#,"볷",,,,,,,,,,,,,,,,
#2026-10-19#,"뙉","됀봕","됀봕","됀봕","됀봕","됀봕","됀봕","됀봕","됀봕","럱뙶","럱뙶","븉봕",,"깏긵깋","깏긵깋","뫜긵깋",
#2026-10-20#,"됌","깏긵깋","깏긵깋","럱뙶","럱뙶","븉봕",,"뫜긵깋",,"됀봕","됀봕","됀봕","됀봕","됀봕","됀봕","됀봕","됀봕"
#2026-10-21#,"릣","럱뙶","븉봕","깏긵깋","븉봕","럱뙶","깏긵깋",,"뫜긵깋","깏긵깋","깏긵깋","깏긵깋","깏긵깋","뫜긵깋","럱뙶",,"뫜긵깋"
#2026-10-22#,"뽜","됀봕","됀봕","됀봕","됀봕","됀봕","됀봕","됀봕","됀봕","븉봕",,"뫜긵깋","럱뙶",,"븉봕","깏긵깋","깏긵깋"
#2026-10-23#,"뗠",,"뫜긵깋","븉봕","깏긵깋","깏긵깋","럱뙶","깏긵깋","깏긵깋","됀봕","됀봕","됀봕","됀봕","됀봕","됀봕","됀봕","됀봕"
#2026-10-24#,"뱘",,,,,,,,,,,,,,,,
#2026-10-25#,"볷",,,,,,,,,,,,,,,,
#2026-10-26#,"뙉","됀봕","됀봕","됀봕","됀봕","됀봕","됀봕","됀봕","됀봕","뫜긵깋","뫜긵깋",,"븉봕","깏긵깋","깏긵깋","럱뙶","븉봕"
#2026-10-27#,"됌","깏긵깋","깏긵깋","뫜긵깋","뫜긵깋",,"븉봕","럱뙶","븉봕","됀봕","됀봕","됀봕","됀봕","됀봕","됀봕","됀봕","됀봕"
#2026-10-28#,"릣","뫜긵깋",,"깏긵깋",,"뫜긵깋","깏긵깋","븉봕","럱뙶","깏긵깋","깏긵깋","깏긵깋","깏긵깋","럱뙶","뫜긵깋","븉봕","럱뙶"
#2026-10-29#,"뽜","됀봕","됀봕","됀봕","됀봕","됀봕","됀봕","됀봕","됀봕",,,,,,,"깏긵깋","깏긵깋"
#2026-10-30#,"뗠",,,,"깏긵깋","깏긵깋",,"깏긵깋","깏긵깋","됀봕","됀봕","됀봕","됀봕","됀봕","됀봕","됀봕","됀봕"
#2026-10-31#,"뱘",,,,,,,,,,,,,,,,
#2026-11-01#,"볷",,,,,,,,,,,,,,,,
#2026-11-02#,"뙉","됀봕","됀봕","됀봕","됀봕","됀봕","됀봕","됀봕","됀봕","럱뙶","럱뙶","븉봕",,"깏긵깋","깏긵깋","뫜긵깋",
#2026-11-03#,"됌",,,"럱뙶","럱뙶","븉봕",,"뫜긵깋",,,,,,,,,
#2026-11-04#,"릣","럱뙶","븉봕","깏긵깋","븉봕","럱뙶","깏긵깋",,"뫜긵깋","깏긵깋","깏긵깋","깏긵깋","깏긵깋","뫜긵깋","럱뙶",,"뫜긵깋"
#2026-11-05#,"뽜","됀봕","됀봕","됀봕","됀봕","됀봕","됀봕","됀봕","됀봕",,"븉봕","럱뙶","뫜긵깋","븉봕",,"깏긵깋","깏긵깋"
#2026-11-06#,"뗠","븉봕","럱뙶",,"깏긵깋","깏긵깋","뫜긵깋","깏긵깋","깏긵깋","됀봕","됀봕","됀봕","됀봕","됀봕","됀봕","됀봕","됀봕"
#2026-11-07#,"뱘",,,,,,,,,,,,,,,,
#2026-11-08#,"볷",,,,,,,,,,,,,,,,
#2026-11-09#,"뙉","됀봕","됀봕","됀봕","됀봕","됀봕","됀봕","됀봕","됀봕","뫜긵깋","뫜긵깋",,"븉봕","깏긵깋","깏긵깋","럱뙶","븉봕"
#2026-11-10#,"됌","깏긵깋","깏긵깋","뫜긵깋","뫜긵깋",,"븉봕","럱뙶","븉봕","됀봕","됀봕","됀봕","됀봕","됀봕","됀봕","됀봕","됀봕"
#2026-11-11#,"릣","뫜긵깋",,"깏긵깋",,"뫜긵깋","깏긵깋","븉봕","럱뙶","깏긵깋","깏긵깋","깏긵깋","깏긵깋","럱뙶","뫜긵깋","븉봕","럱뙶"
#2026-11-12#,"뽜","됀봕","됀봕","됀봕","됀봕","됀봕","됀봕","됀봕","됀봕","븉봕",,"뫜긵깋","럱뙶",,"븉봕","깏긵깋","깏긵깋"
#2026-11-13#,"뗠",,"뫜긵깋","븉봕","깏긵깋","깏긵깋","럱뙶","깏긵깋","깏긵깋","됀봕","됀봕","됀봕","됀봕","됀봕","됀봕","됀봕","됀봕"
#2026-11-14#,"뱘",,,,,,,,,,,,,,,,
#2026-11-15#,"볷",,,,,,,,,,,,,,,,
#2026-11-16#,"뙉","됀봕","됀봕","됀봕","됀봕","됀봕","됀봕","됀봕","됀봕","럱뙶","럱뙶","븉봕",,"깏긵깋","깏긵깋","뫜긵깋",
#2026-11-17#,"됌","깏긵깋","깏긵깋","럱뙶","럱뙶","븉봕",,"뫜긵깋",,"됀봕","됀봕","됀봕","됀봕","됀봕","됀봕","됀봕","됀봕"
#2026-11-18#,"릣","럱뙶","븉봕","깏긵깋","븉봕","럱뙶","깏긵깋",,"뫜긵깋","깏긵깋","깏긵깋","깏긵깋","깏긵깋","뫜긵깋","럱뙶",,"뫜긵깋"
#2026-11-19#,"뽜","됀봕","됀봕","됀봕","됀봕","됀봕","됀봕","됀봕","됀봕",,"븉봕","럱뙶","뫜긵깋","븉봕",,"깏긵깋","깏긵깋"
#2026-11-20#,"뗠","븉봕","럱뙶",,"깏긵깋","깏긵깋","뫜긵깋","깏긵깋","깏긵깋","됀봕","됀봕","됀봕","됀봕","됀봕","됀봕","됀봕","됀봕"
#2026-11-21#,"뱘",,,,,,,,,,,,,,,,
#2026-11-22#,"볷",,,,,,,,,,,,,,,,
#2026-11-23#,"뙉",,,,,,,,,"뫜긵깋","뫜긵깋",,"븉봕",,,"럱뙶","븉봕"
#2026-11-24#,"됌","깏긵깋","깏긵깋","뫜긵깋","뫜긵깋",,"븉봕","럱뙶","븉봕","됀봕","됀봕","됀봕","됀봕","됀봕","됀봕","됀봕","됀봕"
#2026-11-25#,"릣","뫜긵깋",,"깏긵깋",,"뫜긵깋","깏긵깋","븉봕","럱뙶","깏긵깋","깏긵깋","깏긵깋","깏긵깋","럱뙶","뫜긵깋","븉봕","럱뙶"
#2026-11-26#,"뽜","됀봕","됀봕","됀봕","됀봕","됀봕","됀봕","됀봕","됀봕","븉봕",,"뫜긵깋","럱뙶",,"븉봕","깏긵깋","깏긵깋"
#2026-11-27#,"뗠",,"뫜긵깋","븉봕","깏긵깋","깏긵깋","럱뙶","깏긵깋","깏긵깋","됀봕","됀봕","됀봕","됀봕","됀봕","됀봕","됀봕","됀봕"
#2026-11-28#,"뱘",,,,,,,,,,,,,,,,
#2026-11-29#,"볷",,,,,,,,,,,,,,,,
#2026-11-30#,"뙉","됀봕","됀봕","됀봕","됀봕","됀봕","됀봕","됀봕","됀봕",,,,,"깏긵깋","깏긵깋",,
#2026-12-01#,"됌","깏긵깋","깏긵깋","럱뙶","럱뙶","븉봕",,"뫜긵깋",,"됀봕","됀봕","됀봕","됀봕","됀봕","됀봕","됀봕","됀봕"
#2026-12-02#,"릣","럱뙶","븉봕","깏긵깋","븉봕","럱뙶","깏긵깋",,"뫜긵깋","깏긵깋","깏긵깋","깏긵깋","깏긵깋","뫜긵깋","럱뙶",,"뫜긵깋"
#2026-12-03#,"뽜","됀봕","됀봕","됀봕","됀봕","됀봕","됀봕","됀봕","됀봕",,"븉봕","럱뙶","뫜긵깋","븉봕",,"깏긵깋","깏긵깋"
#2026-12-04#,"뗠","븉봕","럱뙶",,"깏긵깋","깏긵깋","뫜긵깋","깏긵깋","깏긵깋","됀봕","됀봕","됀봕","됀봕","됀봕","됀봕","됀봕","됀봕"
#2026-12-05#,"뱘",,,,,,,,,,,,,,,,
#2026-12-06#,"볷",,,,,,,,,,,,,,,,
#2026-12-07#,"뙉","됀봕","됀봕","됀봕","됀봕","됀봕","됀봕","됀봕","됀봕","럱뙶","럱뙶","븉봕",,"깏긵깋","깏긵깋","뫜긵깋",
#2026-12-08#,"됌","깏긵깋","깏긵깋","뫜긵깋","뫜긵깋",,"븉봕","럱뙶","븉봕","됀봕","됀봕","됀봕","됀봕","됀봕","됀봕","됀봕","됀봕"
#2026-12-09#,"릣","뫜긵깋",,"깏긵깋",,"뫜긵깋","깏긵깋","븉봕","럱뙶","깏긵깋","깏긵깋","깏긵깋","깏긵깋","럱뙶","뫜긵깋","븉봕","럱뙶"
#2026-12-10#,"뽜","됀봕","됀봕","됀봕","됀봕","됀봕","됀봕","됀봕","됀봕","븉봕",,"뫜긵깋","럱뙶",,"븉봕","깏긵깋","깏긵깋"
#2026-12-11#,"뗠",,"뫜긵깋","븉봕","깏긵깋","깏긵깋","럱뙶","깏긵깋","깏긵깋","됀봕","됀봕","됀봕","됀봕","됀봕","됀봕","됀봕","됀봕"
#2026-12-12#,"뱘",,,,,,,,,,,,,,,,
#2026-12-13#,"볷",,,,,,,,,,,,,,,,
#2026-12-14#,"뙉","됀봕","됀봕","됀봕","됀봕","됀봕","됀봕","됀봕","됀봕","뫜긵깋","뫜긵깋",,"븉봕","깏긵깋","깏긵깋","럱뙶","븉봕"
#2026-12-15#,"됌","깏긵깋","깏긵깋","럱뙶","럱뙶","븉봕",,"뫜긵깋",,"됀봕","됀봕","됀봕","됀봕","됀봕","됀봕","됀봕","됀봕"
#2026-12-16#,"릣","럱뙶","븉봕","깏긵깋","븉봕","럱뙶","깏긵깋",,"뫜긵깋","깏긵깋","깏긵깋","깏긵깋","깏긵깋","뫜긵깋","럱뙶",,"뫜긵깋"
#2026-12-17#,"뽜","됀봕","됀봕","됀봕","됀봕","됀봕","됀봕","됀봕","됀봕",,"븉봕","럱뙶","뫜긵깋","븉봕",,"깏긵깋","깏긵깋"
#2026-12-18#,"뗠","븉봕","럱뙶",,"깏긵깋","깏긵깋","뫜긵깋","깏긵깋","깏긵깋","됀봕","됀봕","됀봕","됀봕","됀봕","됀봕","됀봕","됀봕"
#2026-12-19#,"뱘",,,,,,,,,,,,,,,,
#2026-12-20#,"볷",,,,,,,,,,,,,,,,
#2026-12-21#,"뙉","됀봕","됀봕","됀봕","됀봕","됀봕","됀봕","됀봕","됀봕","럱뙶","럱뙶","븉봕",,"깏긵깋","깏긵깋","뫜긵깋",
#2026-12-22#,"됌","깏긵깋","깏긵깋","뫜긵깋","뫜긵깋",,"븉봕","럱뙶","븉봕","됀봕","됀봕","됀봕","됀봕","됀봕","됀봕","됀봕","됀봕"
#2026-12-23#,"릣","뫜긵깋",,"깏긵깋",,"뫜긵깋","깏긵깋","븉봕","럱뙶","깏긵깋","깏긵깋","깏긵깋","깏긵깋","럱뙶","뫜긵깋","븉봕","럱뙶"
#2026-12-24#,"뽜","됀봕","됀봕","됀봕","됀봕","됀봕","됀봕","됀봕","됀봕","븉봕",,"뫜긵깋","럱뙶",,"븉봕","깏긵깋","깏긵깋"
#2026-12-25#,"뗠",,"뫜긵깋","븉봕","깏긵깋","깏긵깋","럱뙶","깏긵깋","깏긵깋","됀봕","됀봕","됀봕","됀봕","됀봕","됀봕","됀봕","됀봕"
#2026-12-26#,"뱘",,,,,,,,,,,,,,,,
#2026-12-27#,"볷",,,,,,,,,,,,,,,,
#2026-12-28#,"뙉","됀봕","됀봕","됀봕","됀봕","됀봕","됀봕","됀봕","됀봕","뫜긵깋","뫜긵깋",,"븉봕","깏긵깋","깏긵깋","럱뙶","븉봕"
#2026-12-29#,"됌","깏긵깋","깏긵깋",,,,,,,"됀봕","됀봕","됀봕","됀봕","됀봕","됀봕","됀봕","됀봕"
#2026-12-30#,"릣",,,"깏긵깋",,,"깏긵깋",,,"깏긵깋","깏긵깋","깏긵깋","깏긵깋",,,,
#2026-12-31#,"뽜",,,,,,,,,,,,,,,,
#2027-01-01#,"뗠",,,,,,,,,,,,,,,,
#2027-01-02#,"뱘",,,,,,,,,,,,,,,,
#2027-01-03#,"볷",,,,,,,,,,,,,,,,
#2027-01-04#,"뙉","됀봕","됀봕","됀봕","됀봕","됀봕","됀봕","됀봕","됀봕","럱뙶","럱뙶","븉봕",,"깏긵깋","깏긵깋","뫜긵깋",
#2027-01-05#,"됌","깏긵깋","깏긵깋","럱뙶","럱뙶","븉봕","뫜긵깋","뫜긵깋",,"됀봕","됀봕","됀봕","됀봕","됀봕","됀봕","됀봕","됀봕"
#2027-01-06#,"릣","럱뙶","븉봕","깏긵깋","븉봕","럱뙶","깏긵깋",,"뫜긵깋","깏긵깋","깏긵깋","깏긵깋","깏긵깋","뫜긵깋","럱뙶",,"뫜긵깋"
#2027-01-07#,"뽜","됀봕","됀봕","됀봕","됀봕","됀봕","됀봕","됀봕","됀봕",,"븉봕","럱뙶","뫜긵깋","븉봕",,"깏긵깋","깏긵깋"
#2027-01-08#,"뗠","븉봕","럱뙶","븉봕","깏긵깋","깏긵깋","럱뙶","깏긵깋","깏긵깋","됀봕","됀봕","됀봕","됀봕","됀봕","됀봕","됀봕","됀봕"
#2027-01-09#,"뱘",,,,,,,,,,,,,,,,
#2027-01-10#,"볷",,,,,,,,,,,,,,,,
#2027-01-11#,"뙉","됀봕","됀봕","됀봕","됀봕","됀봕","됀봕","됀봕","됀봕","뫜긵깋","뫜긵깋",,"븉봕","깏긵깋","깏긵깋","럱뙶","븉봕"
#2027-01-12#,"됌","깏긵깋","깏긵깋","뫜긵깋","뫜긵깋",,"븉봕","럱뙶","븉봕","됀봕","됀봕","됀봕","됀봕","됀봕","됀봕","됀봕","됀봕"
#2027-01-13#,"릣","뫜긵깋","뫜긵깋","깏긵깋",,"뫜긵깋","깏긵깋","븉봕","럱뙶","깏긵깋","깏긵깋","깏긵깋","깏긵깋","럱뙶","뫜긵깋","븉봕","럱뙶"
#2027-01-14#,"뽜","됀봕","됀봕","됀봕","됀봕","됀봕","됀봕","됀봕","됀봕","븉봕",,"뫜긵깋","럱뙶",,"븉봕","깏긵깋","깏긵깋"
#2027-01-15#,"뗠","븉봕","럱뙶",,"깏긵깋","깏긵깋","뫜긵깋","깏긵깋","깏긵깋","됀봕","됀봕","됀봕","됀봕","됀봕","됀봕","됀봕","됀봕"
#2027-01-16#,"뱘",,,,,,,,,,,,,,,,
#2027-01-17#,"볷",,,,,,,,,,,,,,,,
#2027-01-18#,"뙉","됀봕","됀봕","됀봕","됀봕","됀봕","됀봕","됀봕","됀봕","럱뙶","럱뙶","븉봕",,"깏긵깋","깏긵깋","뫜긵깋",
#2027-01-19#,"됌","깏긵깋","깏긵깋","럱뙶","럱뙶","븉봕",,"뫜긵깋",,"됀봕","됀봕","됀봕","됀봕","됀봕","됀봕","됀봕","됀봕"
#2027-01-20#,"릣","럱뙶","븉봕","깏긵깋","븉봕","럱뙶","깏긵깋",,"뫜긵깋","깏긵깋","깏긵깋","깏긵깋","깏긵깋","뫜긵깋","럱뙶",,"뫜긵깋"
#2027-01-21#,"뽜","됀봕","됀봕","됀봕","됀봕","됀봕","됀봕","됀봕","됀봕",,"븉봕","럱뙶","뫜긵깋","븉봕",,"깏긵깋","깏긵깋"
#2027-01-22#,"뗠",,"뫜긵깋","븉봕","깏긵깋","깏긵깋","럱뙶","깏긵깋","깏긵깋","됀봕","됀봕","됀봕","됀봕","됀봕","됀봕","됀봕","됀봕"
#2027-01-23#,"뱘",,,,,,,,,,,,,,,,
#2027-01-24#,"볷",,,,,,,,,,,,,,,,
#2027-01-25#,"뙉","됀봕","됀봕","됀봕","됀봕","됀봕","됀봕","됀봕","됀봕","뫜긵깋","뫜긵깋",,"븉봕","깏긵깋","깏긵깋","럱뙶","븉봕"
#2027-01-26#,"됌","깏긵깋","깏긵깋","뫜긵깋","뫜긵깋",,"븉봕","럱뙶","븉봕","됀봕","됀봕","됀봕","됀봕","됀봕","됀봕","됀봕","됀봕"
#2027-01-27#,"릣","뫜긵깋",,"깏긵깋",,"뫜긵깋","깏긵깋","븉봕","럱뙶","깏긵깋","깏긵깋","깏긵깋","깏긵깋","럱뙶","뫜긵깋","븉봕","럱뙶"
#2027-01-28#,"뽜","됀봕","됀봕","됀봕","됀봕","됀봕","됀봕","됀봕","됀봕","븉봕",,"뫜긵깋","럱뙶",,"븉봕","깏긵깋","깏긵깋"
#2027-01-29#,"뗠",,,,"깏긵깋","깏긵깋",,"깏긵깋","깏긵깋","됀봕","됀봕","됀봕","됀봕","됀봕","됀봕","됀봕","됀봕"
#2027-01-30#,"뱘",,,,,,,,,,,,,,,,
#2027-01-31#,"볷",,,,,,,,,,,,,,,,
#2027-02-01#,"뙉","됀봕","됀봕","됀봕","됀봕","됀봕","됀봕","됀봕","됀봕","럱뙶","럱뙶","븉봕",,"깏긵깋","깏긵깋","뫜긵깋",
#2027-02-02#,"됌","깏긵깋","깏긵깋","럱뙶","럱뙶","븉봕",,"뫜긵깋",,"됀봕","됀봕","됀봕","됀봕","됀봕","됀봕","됀봕","됀봕"
#2027-02-03#,"릣","럱뙶","븉봕","깏긵깋","븉봕","럱뙶","깏긵깋",,"뫜긵깋","깏긵깋","깏긵깋","깏긵깋","깏긵깋","뫜긵깋","럱뙶",,"뫜긵깋"
#2027-02-04#,"뽜","됀봕","됀봕","됀봕","됀봕","됀봕","됀봕","됀봕","됀봕",,"븉봕","럱뙶","뫜긵깋","븉봕",,"깏긵깋","깏긵깋"
#2027-02-05#,"뗠","븉봕","럱뙶",,"깏긵깋","깏긵깋","뫜긵깋","깏긵깋","깏긵깋","됀봕","됀봕","됀봕","됀봕","됀봕","됀봕","됀봕","됀봕"
#2027-02-06#,"뱘",,,,,,,,,,,,,,,,
#2027-02-07#,"볷",,,,,,,,,,,,,,,,
#2027-02-08#,"뙉","됀봕","됀봕","됀봕","됀봕","됀봕","됀봕","됀봕","됀봕","뫜긵깋","뫜긵깋",,"븉봕","깏긵깋","깏긵깋","럱뙶","븉봕"
#2027-02-09#,"됌","깏긵깋","깏긵깋","뫜긵깋","뫜긵깋",,"븉봕","럱뙶","븉봕","됀봕","됀봕","됀봕","됀봕","됀봕","됀봕","됀봕","됀봕"
#2027-02-10#,"릣","뫜긵깋",,"깏긵깋",,"뫜긵깋","깏긵깋","븉봕","럱뙶","깏긵깋","깏긵깋","깏긵깋","깏긵깋","럱뙶","뫜긵깋","븉봕","럱뙶"
#2027-02-11#,"뽜",,,,,,,,,"븉봕",,"뫜긵깋","럱뙶",,"븉봕",,
#2027-02-12#,"뗠",,"뫜긵깋","븉봕","깏긵깋","깏긵깋","럱뙶","깏긵깋","깏긵깋","됀봕","됀봕","됀봕","됀봕","됀봕","됀봕","됀봕","됀봕"
#2027-02-13#,"뱘",,,,,,,,,,,,,,,,
#2027-02-14#,"볷",,,,,,,,,,,,,,,,
#2027-02-15#,"뙉","됀봕","됀봕","됀봕","됀봕","됀봕","됀봕","됀봕","됀봕","럱뙶","럱뙶","븉봕",,"깏긵깋","깏긵깋","뫜긵깋",
#2027-02-16#,"됌","깏긵깋","깏긵깋","럱뙶","럱뙶","븉봕",,"뫜긵깋",,"됀봕","됀봕","됀봕","됀봕","됀봕","됀봕","됀봕","됀봕"
#2027-02-17#,"릣","럱뙶","븉봕","깏긵깋","븉봕","럱뙶","깏긵깋",,"뫜긵깋","깏긵깋","깏긵깋","깏긵깋","깏긵깋","뫜긵깋","럱뙶",,"뫜긵깋"
#2027-02-18#,"뽜","됀봕","됀봕","됀봕","됀봕","됀봕","됀봕","됀봕","됀봕",,"븉봕","럱뙶","뫜긵깋","븉봕",,"깏긵깋","깏긵깋"
#2027-02-19#,"뗠","븉봕","럱뙶",,"깏긵깋","깏긵깋","뫜긵깋","깏긵깋","깏긵깋","됀봕","됀봕","됀봕","됀봕","됀봕","됀봕","됀봕","됀봕"
#2027-02-20#,"뱘",,,,,,,,,,,,,,,,
#2027-02-21#,"볷",,,,,,,,,,,,,,,,
#2027-02-22#,"뙉","됀봕","됀봕","됀봕","됀봕","됀봕","됀봕","됀봕","됀봕","뫜긵깋","뫜긵깋",,"븉봕","깏긵깋","깏긵깋","럱뙶","븉봕"
#2027-02-23#,"됌",,,"뫜긵깋","뫜긵깋",,"븉봕","럱뙶","븉봕",,,,,,,,
#2027-02-24#,"릣","뫜긵깋",,"깏긵깋",,"뫜긵깋","깏긵깋","븉봕","럱뙶","깏긵깋","깏긵깋","깏긵깋","깏긵깋","럱뙶","뫜긵깋","븉봕","럱뙶"
#2027-02-25#,"뽜","됀봕","됀봕","됀봕","됀봕","됀봕","됀봕","됀봕","됀봕","븉봕",,"뫜긵깋","럱뙶",,"븉봕","깏긵깋","깏긵깋"
#2027-02-26#,"뗠",,"뫜긵깋","븉봕","깏긵깋","깏긵깋","럱뙶","깏긵깋","깏긵깋","됀봕","됀봕","됀봕","됀봕","됀봕","됀봕","됀봕","됀봕"
#2027-02-27#,"뱘",,,,,,,,,,,,,,,,
#2027-02-28#,"볷",,,,,,,,,,,,,,,,
#2027-03-01#,"뙉","됀봕","됀봕","됀봕","됀봕","됀봕","됀봕","됀봕","됀봕","럱뙶","럱뙶","븉봕",,"깏긵깋","깏긵깋","뫜긵깋",
#2027-03-02#,"됌","깏긵깋","깏긵깋","럱뙶","럱뙶","븉봕",,"뫜긵깋",,"됀봕","됀봕","됀봕","됀봕","됀봕","됀봕","됀봕","됀봕"
#2027-03-03#,"릣","럱뙶","븉봕","깏긵깋","븉봕","럱뙶","깏긵깋",,"뫜긵깋","깏긵깋","깏긵깋","깏긵깋","깏긵깋","뫜긵깋","럱뙶",,"뫜긵깋"
#2027-03-04#,"뽜","됀봕","됀봕","됀봕","됀봕","됀봕","됀봕","됀봕","됀봕",,"븉봕","럱뙶","뫜긵깋","븉봕",,"깏긵깋","깏긵깋"
#2027-03-05#,"뗠","븉봕","럱뙶",,"깏긵깋","깏긵깋","뫜긵깋","깏긵깋","깏긵깋","됀봕","됀봕","됀봕","됀봕","됀봕","됀봕","됀봕","됀봕"
#2027-03-06#,"뱘",,,,,,,,,,,,,,,,
#2027-03-07#,"볷",,,,,,,,,,,,,,,,
#2027-03-08#,"뙉","됀봕","됀봕","됀봕","됀봕","됀봕","됀봕","됀봕","됀봕","뫜긵깋","뫜긵깋",,"븉봕","깏긵깋","깏긵깋","럱뙶","븉봕"
#2027-03-09#,"됌","깏긵깋","깏긵깋","뫜긵깋","뫜긵깋",,"븉봕","럱뙶","븉봕","됀봕","됀봕","됀봕","됀봕","됀봕","됀봕","됀봕","됀봕"
#2027-03-10#,"릣","뫜긵깋",,"깏긵깋",,"뫜긵깋","깏긵깋","븉봕","럱뙶","깏긵깋","깏긵깋","깏긵깋","깏긵깋","럱뙶","뫜긵깋","븉봕","럱뙶"
#2027-03-11#,"뽜","됀봕","됀봕","됀봕","됀봕","됀봕","됀봕","됀봕","됀봕","븉봕",,"뫜긵깋","럱뙶",,"븉봕","깏긵깋","깏긵깋"
#2027-03-12#,"뗠",,"뫜긵깋","븉봕","깏긵깋","깏긵깋","럱뙶","깏긵깋","깏긵깋","됀봕","됀봕","됀봕","됀봕","됀봕","됀봕","됀봕","됀봕"
#2027-03-13#,"뱘",,,,,,,,,,,,,,,,
#2027-03-14#,"볷",,,,,,,,,,,,,,,,
#2027-03-15#,"뙉","됀봕","됀봕","됀봕","됀봕","됀봕","됀봕","됀봕","됀봕","럱뙶","럱뙶","븉봕",,"깏긵깋","깏긵깋","뫜긵깋",
#2027-03-16#,"됌","깏긵깋","깏긵깋","럱뙶","럱뙶","븉봕",,"뫜긵깋",,"됀봕","됀봕","됀봕","됀봕","됀봕","됀봕","됀봕","됀봕"
#2027-03-17#,"릣","럱뙶","븉봕","깏긵깋","븉봕","럱뙶","깏긵깋",,"뫜긵깋","깏긵깋","깏긵깋","깏긵깋","깏긵깋","뫜긵깋","럱뙶",,"뫜긵깋"
#2027-03-18#,"뽜","됀봕","됀봕","됀봕","됀봕","됀봕","됀봕","됀봕","됀봕",,"븉봕","럱뙶","뫜긵깋","븉봕",,"깏긵깋","깏긵깋"
#2027-03-19#,"뗠","븉봕","럱뙶",,"깏긵깋","깏긵깋","뫜긵깋","깏긵깋","깏긵깋","됀봕","됀봕","됀봕","됀봕","됀봕","됀봕","됀봕","됀봕"
#2027-03-20#,"뱘",,,,,,,,,,,,,,,,
#2027-03-21#,"볷",,,,,,,,,,,,,,,,
#2027-03-22#,"뙉",,,,,,,,,"뫜긵깋","뫜긵깋",,"븉봕",,,"럱뙶","븉봕"
#2027-03-23#,"됌","깏긵깋","깏긵깋","뫜긵깋","뫜긵깋",,"븉봕","럱뙶","븉봕","됀봕","됀봕","됀봕","됀봕","됀봕","됀봕","됀봕","됀봕"
#2027-03-24#,"릣","뫜긵깋",,"깏긵깋",,"뫜긵깋","깏긵깋","븉봕","럱뙶","깏긵깋","깏긵깋","깏긵깋","깏긵깋","럱뙶","뫜긵깋","븉봕","럱뙶"
#2027-03-25#,"뽜","됀봕","됀봕","됀봕","됀봕","됀봕","됀봕","됀봕","됀봕","븉봕",,"뫜긵깋","럱뙶",,"븉봕","깏긵깋","깏긵깋"
#2027-03-26#,"뗠",,"뫜긵깋","븉봕","깏긵깋","깏긵깋","럱뙶","깏긵깋","깏긵깋","됀봕","됀봕","됀봕","됀봕","됀봕","됀봕","됀봕","됀봕"
#2027-03-27#,"뱘",,,,,,,,,,,,,,,,
#2027-03-28#,"볷",,,,,,,,,,,,,,,,
#2027-03-29#,"뙉","됀봕","됀봕","됀봕","됀봕","됀봕","됀봕","됀봕","됀봕",,,,,"깏긵깋","깏긵깋",,
#2027-03-30#,"됌","깏긵깋","깏긵깋",,,,,,,"됀봕","됀봕","됀봕","됀봕","됀봕","됀봕","됀봕","됀봕"
#2027-03-31#,"릣",,,"깏긵깋",,,"깏긵깋",,,"깏긵깋","깏긵깋","깏긵깋","깏긵깋",,,,
