"年月日","曜","1","2","3","4","5","6","7","8","9","10","11","12"
#2026-04-01#,"水",,,"大型",,,,,"大型",,,,
#2026-04-02#,"木",,"大型",,,,,,,,,,
#2026-04-03#,"金",,,,,,"大型",,,,,,
#2026-04-04#,"土",,,,,,,,,,,,
#2026-04-05#,"日",,,,,,,,,,,,
#2026-04-06#,"月",,,,,,,,,"大型",,,
#2026-04-07#,"火",,,,,"大型",,,,,,,
#2026-04-08#,"水",,,,,,,,,,"大型","大型",
#2026-04-09#,"木","大型",,,,,,,,,,,
#2026-04-10#,"金",,,,,,,,,,,,"大型"
#2026-04-11#,"土",,,,,,,,,,,,
#2026-04-12#,"日",,,,,,,,,,,,
#2026-04-13#,"月",,,,"大型",,,,,,,,
#2026-04-14#,"火",,,,,,,"大型",,,,,
#2026-04-15#,"水",,,,,,,,,,,,
#2026-04-16#,"木",,"大型",,,,,,,,,"大型",
#2026-04-17#,"金",,,,,,"大型",,,,,,
#2026-04-18#,"土",,,,,,,,,,,,
#2026-04-19#,"日",,,,,,,,,,,,
#2026-04-20#,"月",,,,,,,,,"大型",,,
#2026-04-21#,"火",,,,,"大型",,,,,,,
#2026-04-22#,"水",,,"大型",,,,,"大型",,"大型",,
#2026-04-23#,"木","大型",,,"大型",,,,,,,,
#2026-04-24#,"金",,,,,,,"大型",,,,,"大型"
#2026-04-25#,"土",,,,,,,,,,,,
#2026-04-26#,"日",,,,,,,,,,,,
#2026-04-27#,"月",,,,,,,,,,,,
#2026-04-28#,"火",,,,,,,,,,,,
#2026-04-29#,"水",,,,,,,,,,,,
#2026-04-30#,"木",,,,,,,,,,,,
#2026-05-01#,"金",,,,,,,,,,,,
#2026-05-02#,"土",,,,,,,,,,,,
#2026-05-03#,"日",,,,,,,,,,,,
#2026-05-04#,"月",,,,,,,,,,,,
#2026-05-05#,"火",,,,,,,,,,,,
#2026-05-06#,"水",,,,,,,,,,,,
#2026-05-07#,"木",,"大型",,,,,,,,,"大型",
#2026-05-08#,"金",,,,,,"大型",,,,,,"大型"
#2026-05-09#,"土",,,,,,,,,,,,
#2026-05-10#,"日",,,,,,,,,,,,
#2026-05-11#,"月",,,,"大型",,,,,"大型",,,
#2026-05-12#,"火",,,,,"大型",,"大型",,,,,
#2026-05-13#,"水",,,"大型",,,,,"大型",,"大型",,
#2026-05-14#,"木","大型",,,,,,,,,,,
#2026-05-15#,"金",,,,,,"大型",,,,,,
#2026-05-16#,"土",,,,,,,,,,,,
#2026-05-17#,"日",,,,,,,,,,,,
#2026-05-18#,"月",,,,,,,,,"大型",,,
#2026-05-19#,"火",,,,,"大型",,,,,,,
#2026-05-20#,"水",,,"大型",,,,,"大型",,,,
#2026-05-21#,"木",,"大型",,,,,,,,,,
#2026-05-22#,"金",,,,,,,,,,,,"大型"
#2026-05-23#,"土",,,,,,,,,,,,
#2026-05-24#,"日",,,,,,,,,,,,
#2026-05-25#,"月",,,,"大型",,,,,,,,
#2026-05-26#,"火",,,,,,,"大型",,,,,
#2026-05-27#,"水",,,,,,,,,,"大型","大型",
#2026-05-28#,"木","大型",,,,,,,,,,,
#2026-05-29#,"金",,,,,,,,,,,,
#2026-05-30#,"土",,,,,,,,,,,,
#2026-05-31#,"日",,,,,,,,,,,,
#2026-06-01#,"月",,,,,,,,,"大型",,,
#2026-06-02#,"火",,,,,"大型",,,,,,,
#2026-06-03#,"水",,,"大型",,,,,"大型",,,,
#2026-06-04#,"木",,"大型",,,,,,,,,,
#2026-06-05#,"金",,,,,,"大型",,,,,,
#2026-06-06#,"土",,,,,,,,,,,,
#2026-06-07#,"日",,,,,,,,,,,,
#2026-06-08#,"月",,,,"大型",,,,,,,,
#2026-06-09#,"火",,,,,,,"大型",,,,,
#2026-06-10#,"水",,,,,,,,,,"大型","大型",
#2026-06-11#,"木","大型",,,,,,,,,,,
#2026-06-12#,"金",,,,,,,,,,,,"大型"
#2026-06-13#,"土",,,,,,,,,,,,
#2026-06-14#,"日",,,,,,,,,,,,
#2026-06-15#,"月",,,,,,,,,"大型",,,
#2026-06-16#,"火",,,,,"大型",,,,,,,
#2026-06-17#,"水",,,"大型",,,,,"大型",,,,
#2026-06-18#,"木",,"大型",,,,,,,,,,
#2026-06-19#,"金",,,,,,"大型",,,,,,
#2026-06-20#,"土",,,,,,,,,,,,
#2026-06-21#,"日",,,,,,,,,,,,
#2026-06-22#,"月",,,,"大型",,,,,,,,
#2026-06-23#,"火",,,,,,,"大型",,,,,
#2026-06-24#,"水",,,,,,,,,,"大型","大型",
#2026-06-25#,"木","大型",,,,,,,,,,,
#2026-06-26#,"金",,,,,,,,,,,,"大型"
#2026-06-27#,"土",,,,,,,,,,,,
#2026-06-28#,"日",,,,,,,,,,,,
#2026-06-29#,"月",,,,,,,,,,,,
#2026-06-30#,"火",,,,,,,,,,,,
#2026-07-01#,"水",,,"大型",,,,,"大型",,,,
#2026-07-02#,"木",,"大型",,,,,,,,,,
#2026-07-03#,"金",,,,,,"大型",,,,,,
#2026-07-04#,"土",,,,,,,,,,,,
#2026-07-05#,"日",,,,,,,,,,,,
#2026-07-06#,"月",,,,,,,,,"大型",,,
#2026-07-07#,"火",,,,,"大型",,,,,,,
#2026-07-08#,"水",,,,,,,,,,"大型","大型",
#2026-07-09#,"木","大型",,,,,,,,,,,
#2026-07-10#,"金",,,,,,,,,,,,"大型"
#2026-07-11#,"土",,,,,,,,,,,,
#2026-07-12#,"日",,,,,,,,,,,,
#2026-07-13#,"月",,,,"大型",,,,,,,,
#2026-07-14#,"火",,,,,,,"大型",,,,,
#2026-07-15#,"水",,,"大型",,,,,"大型",,,,
#2026-07-16#,"木",,,,,,,,,,,,
#2026-07-17#,"金",,,,,,"大型",,,,,,
#2026-07-18#,"土",,,,,,,,,,,,
#2026-07-19#,"日",,,,,,,,,,,,
#2026-07-20#,"月",,,,,,,,,"大型",,,
#2026-07-21#,"火",,,,,"大型",,,,,,,
#2026-07-22#,"水",,,,,,,,,,"大型","大型",
#2026-07-23#,"木","大型","大型",,,,,,,,,,
#2026-07-24#,"金",,,,,,,,,,,,"大型"
#2026-07-25#,"土",,,,,,,,,,,,
#2026-07-26#,"日",,,,,,,,,,,,
#2026-07-27#,"月",,,,"大型",,,,,,,,
#2026-07-28#,"火",,,,,,,"大型",,,,,
#2026-07-29#,"水",,,,,,,,,,,,
#2026-07-30#,"木",,,,,,,,,,,,
#2026-07-31#,"金",,,,,,,,,,,,
#2026-08-01#,"土",,,,,,,,,,,,
#2026-08-02#,"日",,,,,,,,,,,,
#2026-08-03#,"月",,,,,,,,,"大型",,,
#2026-08-04#,"火",,,,,"大型",,,,,,,
#2026-08-05#,"水",,,"大型",,,,,"大型",,,"大型",
#2026-08-06#,"木",,,,,,,,,,,,
#2026-08-07#,"金",,,,,,"大型",,,,,,"大型"
#2026-08-08#,"土",,,,,,,,,,,,
#2026-08-09#,"日",,,,,,,,,,,,
#2026-08-10#,"月",,,,,,,,,,,,
#2026-08-11#,"火",,,,,,,"大型",,,"大型",,
#2026-08-12#,"水",,,,,,,,,,,,
#2026-08-13#,"木","大型","大型",,"大型",,,,,,,,
#2026-08-14#,"金",,,,,,,,,,,,
#2026-08-15#,"土",,,,,,,,,,,,
#2026-08-16#,"日",,,,,,,,,,,,
#2026-08-17#,"月",,,,,,,,,"大型",,,
#2026-08-18#,"火",,,,,"大型",,,,,,,
#2026-08-19#,"水",,,"大型",,,,,"大型",,,,
#2026-08-20#,"木",,"大型",,,,,,,,,,
#2026-08-21#,"金",,,,,,"大型",,,,,,
#2026-08-22#,"土",,,,,,,,,,,,
#2026-08-23#,"日",,,,,,,,,,,,
#2026-08-24#,"月",,,,"大型",,,,,,,,
#2026-08-25#,"火",,,,,,,"大型",,,,,
#2026-08-26#,"水",,,,,,,,,,"大型","大型",
#2026-08-27#,"木","大型",,,,,,,,,,,
#2026-08-28#,"金",,,,,,,,,,,,"大型"
#2026-08-29#,"土",,,,,,,,,,,,
#2026-08-30#,"日",,,,,,,,,,,,
#2026-08-31#,"月",,,,,,,,,,,,
#2026-09-01#,"火",,,,,"大型",,,,,,,
#2026-09-02#,"水",,,"大型",,,,,"大型",,,,
#2026-09-03#,"木",,"大型",,,,,,,,,,
#2026-09-04#,"金",,,,,,"大型",,,,,,
#2026-09-05#,"土",,,,,,,,,,,,
#2026-09-06#,"日",,,,,,,,,,,,
#2026-09-07#,"月",,,,,,,,,"大型",,,
#2026-09-08#,"火",,,,,,,"大型",,,,,
#2026-09-09#,"水",,,,,,,,,,"大型","大型",
#2026-09-10#,"木","大型",,,,,,,,,,,
#2026-09-11#,"金",,,,,,,,,,,,"大型"
#2026-09-12#,"土",,,,,,,,,,,,
#2026-09-13#,"日",,,,,,,,,,,,
#2026-09-14#,"月",,,,"大型",,,,,,,,
#2026-09-15#,"火",,,,,"大型",,,,,,,
#2026-09-16#,"水",,,"大型",,,,,"大型",,,,
#2026-09-17#,"木",,"大型",,,,,,,,,,
#2026-09-18#,"金",,,,,,"大型",,,,,,
#2026-09-19#,"土",,,,,,,,,,,,
#2026-09-20#,"日",,,,,,,,,,,,
#2026-09-21#,"月",,,,,,,,,,,,
#2026-09-22#,"火",,,,,,,,,,,,
#2026-09-23#,"水",,,,,,,,,,"大型","大型",
#2026-09-24#,"木","大型",,,,,,,,,,,
#2026-09-25#,"金",,,,,,,"大型",,,,,"大型"
#2026-09-26#,"土",,,,,,,,,,,,
#2026-09-27#,"日",,,,,,,,,,,,
#2026-09-28#,"月",,,,"大型",,,,,"大型",,,
#2026-09-29#,"火",,,,,,,,,,,,
#2026-09-30#,"水",,,,,,,,,,,,
#2026-10-01#,"木",,"大型",,,,,,,,,,
#2026-10-02#,"金",,,,,,"大型",,,,,,
#2026-10-03#,"土",,,,,,,,,,,,
#2026-10-04#,"日",,,,,,,,,,,,
#2026-10-05#,"月",,,,,,,,,"大型",,,
#2026-10-06#,"火",,,,,"大型",,,,,,,
#2026-10-07#,"水",,,"大型",,,,,"大型",,,,
#2026-10-08#,"木","大型",,,,,,,,,,,
#2026-10-09#,"金",,,,,,,,,,,,"大型"
#2026-10-10#,"土",,,,,,,,,,,,
#2026-10-11#,"日",,,,,,,,,,,,
#2026-10-12#,"月",,,,"大型",,,,,,,,
#2026-10-13#,"火",,,,,,,"大型",,,,,
#2026-10-14#,"水",,,,,,,,,,"大型","大型",
#2026-10-15#,"木",,"大型",,,,,,,,,,
#2026-10-16#,"金",,,,,,"大型",,,,,,
#2026-10-17#,"土",,,,,,,,,,,,
#2026-10-18#,"日",,,,,,,,,,,,
#2026-10-19#,"月",,,,,,,,,"大型",,,
#2026-10-20#,"火",,,,,"大型",,,,,,,
#2026-10-21#,"水",,,"大型",,,,,"大型",,,,
#2026-10-22#,"木","大型",,,,,,,,,,,
#2026-10-23#,"金",,,,,,,,,,,,"大型"
#2026-10-24#,"土",,,,,,,,,,,,
#2026-10-25#,"日",,,,,,,,,,,,
#2026-10-26#,"月",,,,"大型",,,,,,,,
#2026-10-27#,"火",,,,,,,"大型",,,,,
#2026-10-28#,"水",,,,,,,,,,"大型","大型",
#2026-10-29#,"木",,,,,,,,,,,,
#2026-10-30#,"金",,,,,,,,,,,,
#2026-10-31#,"土",,,,,,,,,,,,
#2026-11-01#,"日",,,,,,,,,,,,
#2026-11-02#,"月",,,,,,,,,"大型",,,
#2026-11-03#,"火",,,,,,,,,,,,
#2026-11-04#,"水",,,"大型",,,,,"大型",,,,
#2026-11-05#,"木",,"大型",,,,,,,,,,
#2026-11-06#,"金",,,,,"大型","大型",,,,,,
#2026-11-07#,"土",,,,,,,,,,,,
#2026-11-08#,"日",,,,,,,,,,,,
#2026-11-09#,"月",,,,"大型",,,,,,,,
#2026-11-10#,"火",,,,,,,"大型",,,,,
#2026-11-11#,"水",,,,,,,,,,"大型","大型",
#2026-11-12#,"木","大型",,,,,,,,,,,
#2026-11-13#,"金",,,,,,,,,,,,"大型"
#2026-11-14#,"土",,,,,,,,,,,,
#2026-11-15#,"日",,,,,,,,,,,,
#2026-11-16#,"月",,,,,,,,,"大型",,,
#2026-11-17#,"火",,,,,"大型",,,,,,,
#2026-11-18#,"水",,,"大型",,,,,"大型",,,,
#2026-11-19#,"木",,"大型",,,,,,,,,,
#2026-11-20#,"金",,,,,,"大型",,,,,,
#2026-11-21#,"土",,,,,,,,,,,,
#2026-11-22#,"日",,,,,,,,,,,,
#2026-11-23#,"月",,,,"大型",,,,,,,,
#2026-11-24#,"火",,,,,,,"大型",,,,,
#2026-11-25#,"水",,,,,,,,,,"大型","大型",
#2026-11-26#,"木","大型",,,,,,,,,,,
#2026-11-27#,"金",,,,,,,,,,,,"大型"
#2026-11-28#,"土",,,,,,,,,,,,
#2026-11-29#,"日",,,,,,,,,,,,
#2026-11-30#,"月",,,,,,,,,,,,
#2026-12-01#,"火",,,,,"大型",,,,,,,
#2026-12-02#,"水",,,"大型",,,,,"大型",,,,
#2026-12-03#,"木",,"大型",,,,,,,,,,
#2026-12-04#,"金",,,,,,"大型",,,,,,
#2026-12-05#,"土",,,,,,,,,,,,
#2026-12-06#,"日",,,,,,,,,,,,
#2026-12-07#,"月",,,,,,,,,"大型",,,
#2026-12-08#,"火",,,,,,,"大型",,,,,
#2026-12-09#,"水",,,,,,,,,,"大型","大型",
#2026-12-10#,"木","大型",,,,,,,,,,,
#2026-12-11#,"金",,,,,,,,,,,,"大型"
#2026-12-12#,"土",,,,,,,,,,,,
#2026-12-13#,"日",,,,,,,,,,,,
#2026-12-14#,"月",,,,"大型",,,,,,,,
#2026-12-15#,"火",,,,,"大型",,,,,,,
#2026-12-16#,"水",,,"大型",,,,,"大型",,,,
#2026-12-17#,"木",,"大型",,,,,,,,,,
#2026-12-18#,"金",,,,,,"大型",,,,,,
#2026-12-19#,"土",,,,,,,,,,,,
#2026-12-20#,"日",,,,,,,,,,,,
#2026-12-21#,"月",,,,,,,,,"大型",,,
#2026-12-22#,"火",,,,,,,"大型",,,,,
#2026-12-23#,"水",,,,,,,,,,"大型","大型",
#2026-12-24#,"木","大型",,,"大型",,,,,,,,
#2026-12-25#,"金",,,,,,,,,,,,"大型"
#2026-12-26#,"土",,,,,,,,,,,,
#2026-12-27#,"日",,,,,,,,,,,,
#2026-12-28#,"月",,,,,,,,,,,,
#2026-12-29#,"火",,,,,,,,,,,,
#2026-12-30#,"水",,,,,,,,,,,,
#2026-12-31#,"木",,,,,,,,,,,,
#2027-01-01#,"金",,,,,,,,,,,,
#2027-01-02#,"土",,,,,,,,,,,,
#2027-01-03#,"日",,,,,,,,,,,,
#2027-01-04#,"月",,,,,,,,,"大型",,,
#2027-01-05#,"火",,,,,"大型",,,,,,,
#2027-01-06#,"水",,,"大型",,,"大型",,"大型",,,,
#2027-01-07#,"木",,"大型",,,,,,,,,,
#2027-01-08#,"金",,,,,,,,,,,,"大型"
#2027-01-09#,"土",,,,,,,,,,,,
#2027-01-10#,"日",,,,,,,,,,,,
#2027-01-11#,"月",,,,"大型",,,,,,,,
#2027-01-12#,"火",,,,,,,"大型",,,,,
#2027-01-13#,"水",,,,,,,,,,"大型","大型",
#2027-01-14#,"木","大型",,,,,,,,,,,
#2027-01-15#,"金",,,,,,"大型",,,,,,
#2027-01-16#,"土",,,,,,,,,,,,
#2027-01-17#,"日",,,,,,,,,,,,
#2027-01-18#,"月",,,,,,,,,"大型",,,
#2027-01-19#,"火",,,,,"大型",,,,,,,
#2027-01-20#,"水",,,"大型",,,,,"大型",,,,
#2027-01-21#,"木",,"大型",,,,,,,,,,
#2027-01-22#,"金",,,,,,,,,,,,"大型"
#2027-01-23#,"土",,,,,,,,,,,,
#2027-01-24#,"日",,,,,,,,,,,,
#2027-01-25#,"月",,,,"大型",,,,,,,,
#2027-01-26#,"火",,,,,,,"大型",,,,,
#2027-01-27#,"水",,,,,,,,,,"大型","大型",
#2027-01-28#,"木","大型",,,,,,,,,,,
#2027-01-29#,"金",,,,,,,,,,,,
#2027-01-30#,"土",,,,,,,,,,,,
#2027-01-31#,"日",,,,,,,,,,,,
#2027-02-01#,"月",,,,,,,,,"大型",,,
#2027-02-02#,"火",,,,,"大型",,,,,,,
#2027-02-03#,"水",,,"大型",,,,,"大型",,,,
#2027-02-04#,"木",,"大型",,,,,,,,,,
#2027-02-05#,"金",,,,,,"大型",,,,,,
#2027-02-06#,"土",,,,,,,,,,,,
#2027-02-07#,"日",,,,,,,,,,,,
#2027-02-08#,"月",,,,"大型",,,,,,,,
#2027-02-09#,"火",,,,,,,"大型",,,,,
#2027-02-10#,"水",,,,,,,,,,"大型","大型",
#2027-02-11#,"木","大型",,,,,,,,,,,
#2027-02-12#,"金",,,,,,,,,,,,"大型"
#2027-02-13#,"土",,,,,,,,,,,,
#2027-02-14#,"日",,,,,,,,,,,,
#2027-02-15#,"月",,,,,,,,,"大型",,,
#2027-02-16#,"火",,,,,"大型",,,,,,,
#2027-02-17#,"水",,,"大型",,,,,"大型",,,,
#2027-02-18#,"木",,"大型",,,,,,,,,,
#2027-02-19#,"金",,,,,,"大型",,,,,,
#2027-02-20#,"土",,,,,,,,,,,,
#2027-02-21#,"日",,,,,,,,,,,,
#2027-02-22#,"月",,,,"大型",,,,,,,,
#2027-02-23#,"火",,,,,,,,,,,,
#2027-02-24#,"水",,,,,,,,,,"大型","大型",
#2027-02-25#,"木","大型",,,,,,,,,,,
#2027-02-26#,"金",,,,,,,"大型",,,,,"大型"
#2027-02-27#,"土",,,,,,,,,,,,
#2027-02-28#,"日",,,,,,,,,,,,
#2027-03-01#,"月",,,,,,,,,"大型",,,
#2027-03-02#,"火",,,,,"大型",,,,,,,
#2027-03-03#,"水",,,"大型",,,,,"大型",,,,
#2027-03-04#,"木",,"大型",,,,,,,,,,
#2027-03-05#,"金",,,,,,"大型",,,,,,
#2027-03-06#,"土",,,,,,,,,,,,
#2027-03-07#,"日",,,,,,,,,,,,
#2027-03-08#,"月",,,,"大型",,,,,,,,
#2027-03-09#,"火",,,,,,,"大型",,,,,
#2027-03-10#,"水",,,,,,,,,,"大型","大型",
#2027-03-11#,"木","大型",,,,,,,,,,,
#2027-03-12#,"金",,,,,,,,,,,,"大型"
#2027-03-13#,"土",,,,,,,,,,,,
#2027-03-14#,"日",,,,,,,,,,,,
#2027-03-15#,"月",,,,,,,,,"大型",,,
#2027-03-16#,"火",,,,,"大型",,,,,,,
#2027-03-17#,"水",,,"大型",,,,,"大型",,,,
#2027-03-18#,"木",,"大型",,,,,,,,,,
#2027-03-19#,"金",,,,,,"大型",,,,,,
#2027-03-20#,"土",,,,,,,,,,,,
#2027-03-21#,"日",,,,,,,,,,,,
#2027-03-22#,"月",,,,"大型",,,,,,,,
#2027-03-23#,"火",,,,,,,"大型",,,,,
#2027-03-24#,"水",,,,,,,,,,"大型","大型",
#2027-03-25#,"木","大型",,,,,,,,,,,
#2027-03-26#,"金",,,,,,,,,,,,"大型"
#2027-03-27#,"土",,,,,,,,,,,,
#2027-03-28#,"日",,,,,,,,,,,,
#2027-03-29#,"月",,,,,,,,,,,,
#2027-03-30#,"火",,,,,,,,,,,,
#2027-03-31#,"水",,,,,,,,,,,,
